,Symbols
0,MMM
1,ABT
2,ABBV
3,ABMD
4,ACN
5,ATVI
6,ADBE
7,AMD
8,AAP
9,AES
10,AFL
11,A
12,APD
13,AKAM
14,ALK
15,ALB
16,ARE
17,ALGN
18,ALLE
19,LNT
20,ALL
21,GOOGL
22,GOOG
23,MO
24,AMZN
25,AEE
26,AAL
27,AEP
28,AXP
29,AIG
30,AMT
31,AWK
32,AMP
33,ABC
34,AME
35,AMGN
36,APH
37,ADI
38,ANSS
39,ANTM
40,AON
41,AOS
42,APA
43,AAPL
44,AMAT
45,APTV
46,ADM
47,ANET
48,AJG
49,AIZ
50,T
51,ATO
52,ADSK
53,ADP
54,AZO
55,AVB
56,AVY
57,BKR
58,BLL
59,BAC
60,BBWI
61,BAX
62,BDX
63,BBY
64,BIO
65,TECH
66,BIIB
67,BLK
68,BK
69,BA
70,BKNG
71,BWA
72,BXP
73,BSX
74,BMY
75,AVGO
76,BR
77,BRO
78,CHRW
79,CDNS
80,CZR
81,CPB
82,COF
83,CAH
84,KMX
85,CCL
86,CTLT
87,CAT
88,CBOE
89,CBRE
90,CDW
91,CE
92,CNC
93,CNP
94,CDAY
95,CERN
96,CF
97,CRL
98,SCHW
99,CHTR
100,CVX
101,CMG
102,CB
103,CHD
104,CI
105,CINF
106,CTAS
107,CSCO
108,C
109,CFG
110,CTXS
111,CLX
112,CME
113,CMS
114,KO
115,CTSH
116,CL
117,CMCSA
118,CMA
119,CAG
120,COP
121,ED
122,STZ
123,COO
124,CPRT
125,GLW
126,COST
127,CTRA
128,CCI
129,CSX
130,CMI
131,CVS
132,DHI
133,DHR
134,DRI
135,DVA
136,DE
137,DAL
138,XRAY
139,DVN
140,DXCM
141,FANG
142,DLR
143,DFS
144,DISCA
145,DISCK
146,DISH
147,DG
148,DLTR
149,D
150,DPZ
151,DOV
152,DTE
153,DUK
154,DRE
155,DD
156,DXC
157,EMN
158,ETN
159,EBAY
160,ECL
161,EIX
162,EW
163,EA
164,EMR
165,ENPH
166,ETR
167,EOG
168,EFX
169,EQIX
170,EQR
171,ESS
172,EL
173,ETSY
174,EVRG
175,ES
176,RE
177,EXC
178,EXPE
179,EXPD
180,EXR
181,XOM
182,FFIV
183,FAST
184,FRT
185,FDX
186,FIS
187,FITB
188,FE
189,FRC
190,FISV
191,FLT
192,FMC
193,F
194,FTNT
195,FTV
196,FBHS
197,BEN
198,FCX
199,GPS
200,GRMN
201,IT
202,GNRC
203,GD
204,GE
205,GIS
206,GM
207,GPC
208,GILD
209,GL
210,GPN
211,GS
212,GWW
213,HAL
214,HBI
215,HIG
216,HAS
217,HCA
218,PEAK
219,HSIC
220,HSY
221,HES
222,HPE
223,HLT
224,HOLX
225,HD
226,HON
227,HRL
228,HST
229,HWM
230,HPQ
231,HUM
232,HBAN
233,HII
234,IEX
235,IDXX
236,INFO
237,ITW
238,ILMN
239,INCY
240,IR
241,INTC
242,ICE
243,IBM
244,IP
245,IPG
246,IFF
247,INTU
248,ISRG
249,IVZ
250,IPGP
251,IQV
252,IRM
253,JKHY
254,J
255,JBHT
256,SJM
257,JNJ
258,JCI
259,JPM
260,JNPR
261,KSU
262,K
263,KEY
264,KEYS
265,KMB
266,KIM
267,KMI
268,KLAC
269,KHC
270,KR
271,LHX
272,LH
273,LRCX
274,LW
275,LVS
276,LEG
277,LDOS
278,LEN
279,LLY
280,LNC
281,LIN
282,LYV
283,LKQ
284,LMT
285,L
286,LOW
287,LUMN
288,LYB
289,MTB
290,MRO
291,MPC
292,MKTX
293,MAR
294,MMC
295,MLM
296,MAS
297,MA
298,MTCH
299,MKC
300,MCD
301,MCK
302,MDT
303,MRK
304,FB
305,MET
306,MTD
307,MGM
308,MCHP
309,MU
310,MSFT
311,MAA
312,MRNA
313,MHK
314,TAP
315,MDLZ
316,MPWR
317,MNST
318,MCO
319,MS
320,MOS
321,MSI
322,MSCI
323,NDAQ
324,NTAP
325,NFLX
326,NWL
327,NEM
328,NWSA
329,NWS
330,NEE
331,NLSN
332,NKE
333,NI
334,NSC
335,NTRS
336,NOC
337,NLOK
338,NCLH
339,NRG
340,NUE
341,NVDA
342,NVR
343,NXPI
344,ORLY
345,OXY
346,ODFL
347,OMC
348,OKE
349,ORCL
350,PCAR
351,PKG
352,PH
353,PAYX
354,PAYC
355,PYPL
356,PENN
357,PNR
358,PBCT
359,PEP
360,PKI
361,PFE
362,PM
363,PSX
364,PNW
365,PXD
366,PNC
367,POOL
368,PPG
369,PPL
370,PFG
371,PG
372,PGR
373,PLD
374,PRU
375,PTC
376,PEG
377,PSA
378,PHM
379,PVH
380,QRVO
381,PWR
382,QCOM
383,DGX
384,RL
385,RJF
386,RTX
387,O
388,REG
389,REGN
390,RF
391,RSG
392,RMD
393,RHI
394,ROK
395,ROL
396,ROP
397,ROST
398,RCL
399,SPGI
400,CRM
401,SBAC
402,SLB
403,STX
404,SEE
405,SRE
406,NOW
407,SHW
408,SPG
409,SWKS
410,SNA
411,SO
412,LUV
413,SWK
414,SBUX
415,STT
416,STE
417,SYK
418,SIVB
419,SYF
420,SNPS
421,SYY
422,TMUS
423,TROW
424,TTWO
425,TPR
426,TGT
427,TEL
428,TDY
429,TFX
430,TER
431,TSLA
432,TXN
433,TXT
434,TMO
435,TJX
436,TSCO
437,TT
438,TDG
439,TRV
440,TRMB
441,TFC
442,TWTR
443,TYL
444,TSN
445,UDR
446,ULTA
447,USB
448,UAA
449,UA
450,UNP
451,UAL
452,UNH
453,UPS
454,URI
455,UHS
456,VLO
457,VTR
458,VRSN
459,VRSK
460,VZ
461,VRTX
462,VFC
463,VIAC
464,VTRS
465,V
466,VNO
467,VMC
468,WRB
469,WAB
470,WMT
471,WBA
472,DIS
473,WM
474,WAT
475,WEC
476,WFC
477,WELL
478,WST
479,WDC
480,WU
481,WRK
482,WY
483,WHR
484,WMB
485,WLTW
486,WYNN
487,XEL
488,XLNX
489,XYL
490,YUM
491,ZBRA
492,ZBH
493,ZION
494,ZTS
495,^GSPC
